nombre,artista,album,url
she's all i wanna be,Tate McRae,i used to think i could fly,https://open.spotify.com/track/7l9IqDtVWJurTvkQHq1BGh
Crazy,One Zero,No Coincidence,https://open.spotify.com/track/7e6cYLjH4XJVaeEUOgLSat
In Another Life,"Sandro Silva, Julian, MVNA, Chris Crone",In Another Life,https://open.spotify.com/track/3JwC1i661J5GYRoPPZqpke
bad timing,Darko,bad timing,https://open.spotify.com/track/7fsaTxX5eNvJuMDUMZdDfj
I Wish You Were Mine,"Loving Caliber, Mia Niles",Circles,https://open.spotify.com/track/4SwZGwJIUM1l3o4ExTxWt1
When We Were Younger,Loving Caliber,When We Were Younger,https://open.spotify.com/track/0ztYbFRF52jFnlAiQxxA6y
Long Story Short,Forest Blakk,Long Story Short,https://open.spotify.com/track/5oZBQRkDntRkxssyD3V45Y
EMBERS,Tom Cooper,EMBERS,https://open.spotify.com/track/6EN8VbLSTYTUWgNBsjBtry
Missing You,Billi Royce,Missing You,https://open.spotify.com/track/2Mnx2JT5cRLdRPryOb0yl2
Nunca Me Fallas,J Arias,Nunca Me Fallas,https://open.spotify.com/track/0MpdsLhcyCVxNddszaFzJu
Nací Otra Vez,J Arias,Nací Otra Vez,https://open.spotify.com/track/0lnhH9lRqNrfePmoajzMKr
clovers,loya,clovers,https://open.spotify.com/track/4C49szf1WEb1owSK81sBKz
Old,Titus Haskins,Old,https://open.spotify.com/track/3LiGZRreBIUi07yccz89Xn
Why you don't Love me?,Mythic Melodys,Why you don't Love me?,https://open.spotify.com/track/5YQeQbWArt8JJPo4Icac9R
Broken Skies,Mythic Melodys,Broken Skies,https://open.spotify.com/track/3894EiD1sAh9QezKVvd5Vs
Backseat talks,"Jackson Gleaves, Rocky RoZay",Backseat talks,https://open.spotify.com/track/64z0CJoD5Ue93jjJtRY15u
Otherside,Jake Cornell,Otherside,https://open.spotify.com/track/42yI2K4eTaNv3uJzRPpA8w
be ok,"Ouse, Elijah Midjord",be ok,https://open.spotify.com/track/5eaSUngqrwtByxz3TideqC
Cheekbones,Arrows in Action,I Think I've Been Here Before,https://open.spotify.com/track/1kUhiah3NBVRdRPxWRDWFf
I'm Proud You Stayed,Isaac Mather,I'm Proud You Stayed,https://open.spotify.com/track/2pN0Zp4rLaGbekNh3MwCDM
Can't Help Falling in Love,Elvis Presley,Blue Hawaii,https://open.spotify.com/track/44AyOl4qVkzS48vBsbNXaC
Therapy,VOILÀ,Happy Never After,https://open.spotify.com/track/3UxXEGw1UDAL4KBooq2VxY
All In,Marino,All In,https://open.spotify.com/track/5twirxZPZdu2ToCE8PJm0i
29,We Demand Parachutes,29,https://open.spotify.com/track/59Nw76bkzfzdLooyaQ3tNW
point of view,forest cove,liar,https://open.spotify.com/track/61OkgEuviWwcuZ9gbNYh3l
Happenstance,Munn,Happenstance,https://open.spotify.com/track/6emzhT4Av9pJfPoVSvGscf
Don’t Wake Me Up,"Jonas Blue, Why Don't We",Don’t Wake Me Up,https://open.spotify.com/track/3LEgGAl9zLcQWGTp7ptqtQ
The Wreck of the Edmund Fitzgerald - Single Version,Gordon Lightfoot,The Wreck of the Edmund Fitzgerald / The House You Live In,https://open.spotify.com/track/1xVFaPYfDW40ryMq0IdQlF
Bitter,GUNNAR,SUNFADED,https://open.spotify.com/track/3p7u0gt4A3ImtGoD3dCv8j
Autumn In New York,Chet Baker,Chet In Paris: Everything Happens To Me - The Complete Barclay Recording Vol. 2,https://open.spotify.com/track/4PkJlDmHpr9o7KUxm0Uflx
Autumn In New York,"Ella Fitzgerald, Louis Armstrong",Ella And Louis Again,https://open.spotify.com/track/0f2489MzoisF9pKduawvce
With You,NM,With You,https://open.spotify.com/track/6mcTJMaWrtGSyOnvxMeTCD
Wish We Never Met,RuDaWorld,Wish We Never Met,https://open.spotify.com/track/56jxdQu5m6F91siwXHGJ67
Still In Love,Jonathan Wang,Still In Love,https://open.spotify.com/track/0lJBdZrdfrZc0qlr3VPUiE
Across the Sea,Jonathan Wang,Across the Sea,https://open.spotify.com/track/6UDAEQidvixek5Kj27lCdq
don't call me,"Yung Crusha, Tom Shawcroft",don't call me,https://open.spotify.com/track/2UQZQwl91CUh2Dh2P2tkES
End of the Train,"Jake Luke, splashgvng",End of the Train,https://open.spotify.com/track/4mwZqsPEwdwjqNwuSIRLBv
FORGET YOU,Dutch Melrose,FORGET YOU,https://open.spotify.com/track/7JQjSQiPjkAlZbIlrm5njS
"St. Louis, Missouri",Joshua Golden,Coming Home,https://open.spotify.com/track/0kztRDd0E0wyKzz8mR9fpG
liar,forest cove,liar,https://open.spotify.com/track/0t0KRgs8kmx4k7ED1b27bL
White Lies,Wix Patton,White Lies,https://open.spotify.com/track/3gcATfABL2MYm9PO12w9Pa
Antidote,We Are The Empty,Beyond Empty,https://open.spotify.com/track/5L2QgqQ0FJ6fIFrDTQo4Ld
Why do I bleed this way?,We Are The Empty,Why do I bleed this way?,https://open.spotify.com/track/6UFtBqmLHBsFvSCVdylCc3
way after forever,vaultboy,way after forever,https://open.spotify.com/track/0uhGgihlgkmAGZvp93rUwm
rocket science,vaultboy,rocket science,https://open.spotify.com/track/55cwGtYrExG7slEAor5jeR
under covers,vaultboy,sunflower,https://open.spotify.com/track/1drmiDBkORBhZzEyeAbqAJ
Desire,Olly Alexander (Years & Years),Communion (Deluxe),https://open.spotify.com/track/20ouJW3BTG6aFAugslihCw
Where You Are,Keenan Te,Where You Are,https://open.spotify.com/track/6hYLwcur3csaL9ztenvl3a
headache,stvrdvst,headache,https://open.spotify.com/track/37tjQ9tX5yjlu73JfgEF0p
Time in a Bottle,Jim Croce,Photographs & Memories: His Greatest Hits,https://open.spotify.com/track/20A2Xe76p9wxUFLbbzZjTM
Ghost Of Us,charlieonnafriday,WILD CHILD,https://open.spotify.com/track/4Nxk4StgFRbgPXztvbYw2u
Heart Beat Fast,Chini,Heart Beat Fast,https://open.spotify.com/track/4BPTP47JwyLQDvtpaDIjWM
I won't go,stvrdvst,I won't go,https://open.spotify.com/track/7FYmx4weR6l2XYf5vWyEbV
Memories,Keenan Te,Memories,https://open.spotify.com/track/1mTNfYuS3NqtynhOvfMd71
Demons,Kode,Demons,https://open.spotify.com/track/5kBGUTc2XPL9BEwXeIrM2U
enemies,elijah,enemies,https://open.spotify.com/track/6nSh7kDJwZsu5MPHa9cz9T
SKIN,elijah,SKIN,https://open.spotify.com/track/7dUWoZUPutWaCaOnSnKtsr
Good Enough,Isaac Butler,Good Enough,https://open.spotify.com/track/6MGkJmoHXdj6UtmacT6gUc
Good Enough,Lø Spirit,Good Enough,https://open.spotify.com/track/5jdO3mqM4kFFATE3CtrNG7
Bad Habits,Nerv,Bad Habits,https://open.spotify.com/track/4cHwYbwMyG4kn2wdUIVx43
Psycho,Point North,Prepare For Despair,https://open.spotify.com/track/7zVc101XOgfUwauxEJwbTl
Hangfire,Wind Walkers,What If I Break?,https://open.spotify.com/track/7vwUPOzwMuaBuhckNt3jjf
People Pleaser Anthem,Lø Spirit,People Pleaser Anthem,https://open.spotify.com/track/0R3EMO52kSuweRQtUluEs4
Californication,Red Hot Chili Peppers,Californication (Deluxe Edition),https://open.spotify.com/track/48UPSzbZjgc449aqz8bxox
River Flows In You,Yiruma,First Love (The Original & the Very First Recording),https://open.spotify.com/track/2agBDIr9MYDUducQPC1sFU
Heaven,Bryan Adams,Reckless (30th Anniversary / Deluxe Edition),https://open.spotify.com/track/7Ewz6bJ97vUqk5HdkvguFQ
To Build A Home,"The Cinematic Orchestra, Patrick Watson",Ma Fleur,https://open.spotify.com/track/3AqPL1n1wKc5DVFFnYuJhp
guilty,elijah,guilty,https://open.spotify.com/track/4XGpAI67faqTFX21Vu6VgK
6.0,Aimee Vant,6.0,https://open.spotify.com/track/4KNfXQ9dVH1w3HNF5uKFAf
Bleed,Connor Kauffman,Bleed,https://open.spotify.com/track/4k8D363TGNjILbQRciQfBD
fairy,Dvwn,panorama,https://open.spotify.com/track/5sTFCYwgx9kwi8dpYKaZYS
break me,elijah,fighting myself,https://open.spotify.com/track/5PiITSieTSQJNpuKxDCPxR
More Than Words,Extreme,Extreme II - Pornograffitti,https://open.spotify.com/track/1gVgkQFOKa8Wc1HYsJtPdH
harder to lie.,elijah,harder to lie.,https://open.spotify.com/track/45LJbBzB4myDfVRGVp69om
Overplayed,Thomas Day,Overplayed,https://open.spotify.com/track/650A0ErUKCd1d8Imckr7qV
Young Broke,Letdown.,Young Broke,https://open.spotify.com/track/2o7Blg0oGugaJr3UnJldOR
Broken,Anson Seabra,Songs I Wrote in My Bedroom,https://open.spotify.com/track/2AHKsVXN6BjBO8SEVX6cBC
never knew a heart could break itself - acoustic,Zach Hood,Whispering Pines (Deluxe),https://open.spotify.com/track/3zzpwhOH5jWCzeKmG7ZAQW
LET EM GO,Matt Hansen,LET EM GO,https://open.spotify.com/track/2RnBxdoRGOBzy2yvThWtMe
Where Do We Go from Here?,Caleb Hearn,Where Do We Go from Here?,https://open.spotify.com/track/0ntWxuqiNx7ShbLGzfmnOD
Ghost Boy,Prettyboi Floydd,Floydd's Purgatorio,https://open.spotify.com/track/7drAvKDxKDcJCR6iTu7QgZ
DEATH OF ME,Fordo,2001,https://open.spotify.com/track/0SAF19dUleOwtO7K5zM4hv
California Girl,Crash Adams,California Girl,https://open.spotify.com/track/4NSvVWoMswmJpMpSbgipYX
Chasing Shadows,Alex Warren,"You'll Be Alright, Kid (Chapter 1)",https://open.spotify.com/track/3KLQCsKrZSResAeGxkx9n0
Can′t Slow Me Down,"MIRANI, lIlBOI, GroovyRoom, VALORANT",VALORANT / Can′t Slow Me Down,https://open.spotify.com/track/66wSpvsxSBGBBnHax8VB9S
EGO,"Qing Madi, VALORANT",EGO,https://open.spotify.com/track/4rDKyQvJiMmDbSqH5AbKxh
Row,Sail North,Row,https://open.spotify.com/track/6h2tpZFKzAB2V1hTurVsZB
break my heart,Matt Hansen,break my heart,https://open.spotify.com/track/4qQJIuWmMXbtMAy3pnBpso
Me & My Friends,"Munn, Jude Barclay, Fortune",Me & My Friends,https://open.spotify.com/track/3ZuODl7QqOQWVAOrLZJOsU
Dear Lover,Carter Ryan,Dear Lover,https://open.spotify.com/track/0EzYMsaNOZW6SFsw5X61wC
I Always Fall,"Eli Wilson, Promoting Sounds",I Always Fall,https://open.spotify.com/track/3c3yARsoiIiBSZW9rhYaI5
"always, i'll care",Jeremy Zucker,love is not dying,https://open.spotify.com/track/0rbKrBvZUYY9GN9l057BuY
Like Strangers Do,AJ Mitchell,Like Strangers Do,https://open.spotify.com/track/0Wc6cbF38a90b8wov9V63F
Maniac,Conan Gray,Kid Krow,https://open.spotify.com/track/6KfoDhO4XUWSbnyKjNp9c4
drunk text,Henry Moodie,in all of my lonely nights,https://open.spotify.com/track/6EIMUjQ7Q8Zr2VtIUik4He
가끔 미치도록 네가 안고 싶어질 때가 있어,Autumn Vacation,가을방학,https://open.spotify.com/track/4m9Badp5xjHRXcPjsSPqHk
i think i wanna text u,vaultboy,vaultboy EP,https://open.spotify.com/track/4hH46xhExjwEGfuWFgnOc3
High Road,Ghost Ethos,Lonely World,https://open.spotify.com/track/5cqdSpm85JBu65hNNGF9a0
WE MADE PLANS & GOD LAUGHED,BEAUTY SCHOOL DROPOUT,WE MADE PLANS & GOD LAUGHED,https://open.spotify.com/track/76TSauYq7489EyCQoaQ30d
Galway Girl,Ed Sheeran,÷ (Deluxe),https://open.spotify.com/track/0afhq8XCExXpqazXczTSve
Sunset Lover,Petit Biscuit,Presence,https://open.spotify.com/track/3WRQUvzRvBDr4AxMWhXc5E
WHAT THE HELL,jxdn,WHEN THE MUSIC STOPS,https://open.spotify.com/track/3E3s4xXjmt43Bl1SIC3ij7
Missing You,Billi Royce,Missing You,https://open.spotify.com/track/0HYgtZsxhbZTwywSUTBwEc
once in a while,"GRAHAM, Henrik",Cedarcliff,https://open.spotify.com/track/5W3MMKpf1GYEznKR1B1BJJ
lead me on,sammy rash,lead me on,https://open.spotify.com/track/45HHTHXv7gQ5q2r89ui2Fy
Champagne For Two,Devin Kennedy,"You & Me, That's Enough",https://open.spotify.com/track/4A8CmAuQXTG037JTf525BL
Ghost Of You,5 Seconds of Summer,Youngblood (Deluxe),https://open.spotify.com/track/1MhXdlCQPnO56T57MfmaRm
Hotel California,Gitarreros,Spanische Gitarre: Die besten Lieder auf der Gitarre,https://open.spotify.com/track/3KIAVmx0tJA2MfTr8rxHO5
Hit the Road Jack,Gitarreros,Spanische Gitarre: Die besten Lieder auf der Gitarre,https://open.spotify.com/track/3vGBCU8P2UcIJ4iwc3wUPR
MONTAGEM KRUSH (SLOWED),xxxcharacter,MONTAGEM KRUSH (SLOWED),https://open.spotify.com/track/0CH8KhF6MBHKyNEiSqyVec
Voicemail,Aimee Vant,Voicemail,https://open.spotify.com/track/6gXLalUbAoAFF3sOeiagnO
I'm The One,Aimee Vant,I'm The One,https://open.spotify.com/track/6Oj8Uq4saTKBAB7aYlpkzk
Trash,Aimee Vant,Trash,https://open.spotify.com/track/3GPJhXXI9xDOHSKzEqbbyq
Against The Tide (The Captain's Tarantella),Sail North,Against The Tide (The Captain's Tarantella),https://open.spotify.com/track/1vuWlF2OWLtBqPNz0aoatB
Tale of The Shadow,Sail North,Tale of The Shadow,https://open.spotify.com/track/5nN3bMQo2HpOE3Vb7WvLWq
I NEVER COULD,Kiremi,I NEVER COULD,https://open.spotify.com/track/43Ir3RTdV8o7rcU5QKnUAm
yellowstone (holding you),Matt Hansen,yellowstone (holding you),https://open.spotify.com/track/6Njoyu4X5lMORCxImcam1K
Melodías De Guitarra Relajante,"Relajacion y Guitarra Acustica, Musica Relajante de Guitarra Principal, Musica Relajante de Guitarra Curacion",Música De Guitarra Reconfortante Para Aliviar El Estrés,https://open.spotify.com/track/3lFxxvhb7LA6NTehmVmkCA
Strangers To Lovers,Jdillon,Strangers To Lovers,https://open.spotify.com/track/7fvnth4kb62FbYQb5W6MJp
Strangers To Lovers,Jdillon,SERENITY,https://open.spotify.com/track/74AWhJuQZiqCxAvPWV1i6j
sweet decay 부패,Chasu,bury me instead,https://open.spotify.com/track/3hFQrbW6FUGYjfYG3Xsr1q
fairy,Dvwn,panorama,https://open.spotify.com/track/5UYiuOoh5HmccUCw1oV37s
希望の泉　（Source d'espoir）,Miharu Koshi,Madame Crooner,https://open.spotify.com/track/4CNEDC1YC4ghwfXJmMIFqa
treat your friends,MICO,treat your friends,https://open.spotify.com/track/0lyxM7QX5gEIn600SxaS7i
fall for you,Lio Kalebic,fall for you,https://open.spotify.com/track/52HfL5C4r4qvqWo0DfMuO6
Rescue,"GABE ISAAC, Jordan Jack",Rescue,https://open.spotify.com/track/1osSKszHVvydCr5Yz1iZbh
to the girls i never dated,ehren,to the girls i never dated,https://open.spotify.com/track/6hEa65kTf0RLC1Yqj5w72S
All This Time,Will Ryte,All This Time,https://open.spotify.com/track/3MGPsOIMnyeiYhejSUY8II
CRASH,Will Ryte,CRASH,https://open.spotify.com/track/4KYgfdEk64uUoDnvEFOmt4
World's Smallest Violin,AJR,OK ORCHESTRA,https://open.spotify.com/track/68EkhVWIeULhHxcbi1QhzK
Where's My Love - Acoustic,SYML,Where's My Love,https://open.spotify.com/track/0ElpbbncWT9aS7mgoqEHbQ
Train Wreck,James Arthur,Back from the Edge,https://open.spotify.com/track/55Am8neGJkdj2ADaM3aw5H
Selfish,Mackenzy Mackay,Selfish,https://open.spotify.com/track/4DqHSMYqhTxwIGDbyjP3tp
New Beginnings,NEFFEX,New Beginnings,https://open.spotify.com/track/4jnPyU5tLg90Hd06ZxjMzx
Echoes Of Love,Jesse & Joy,Echoes Of Love,https://open.spotify.com/track/4M3ILaJ7MnY8tPoD687ivv
All Your Friends,Connor Kauffman,All Your Friends,https://open.spotify.com/track/1LtwfsI51jNKnWjc4wrokq
Far Too Late,Connor Kauffman,Far Too Late,https://open.spotify.com/track/13ETFYEgswOWIa1oUxqNYh
Heartless,Connor Kauffman,Heartless,https://open.spotify.com/track/4XsFDiSa4yMLaIgjBVLaOs
Parasite,Connor Kauffman,Parasite,https://open.spotify.com/track/1ekqHUCGO5KFeO6nV0m0Fa
Echoes,Connor Kauffman,Echoes,https://open.spotify.com/track/1xN9RnDl0i6V5zvb2QdOlr
Bleed,Connor Kauffman,Bleed,https://open.spotify.com/track/33lQztwpMhDovy3A0zzAdU
Feed the Machine,Poor Man's Poison,Feed the Machine,https://open.spotify.com/track/40wmXUgVB0N5eLK8CuOhm3
Do U Love Me?,"Aimee Vant, gnash",Do U Love Me?,https://open.spotify.com/track/0rmdt3FHIUkkcbn10xgFHt
be somebody,elijah woods,look what i made,https://open.spotify.com/track/0fffrKFI0jjj3PWX31shfH
Keep You Mine,"NOTD, shy martin",Keep You Mine,https://open.spotify.com/track/0OJN2A3Qyvd7pwSF0AIteC
Before You Leave Me,Alex Warren,"You'll Be Alright, Kid (Chapter 1)",https://open.spotify.com/track/792FHkvZbBQuWWM1a4TfL8
The Night We Met,Lord Huron,Strange Trails,https://open.spotify.com/track/3hRV0jL3vUpRrcy398teAU
You And Me,Lifehouse,Lifehouse,https://open.spotify.com/track/0815caqt2Lytro5EIzMufT
Drama King,Bellah Mae,Drama King,https://open.spotify.com/track/4dlGGvKNYl5uC9bwUZfrqa
Hell's Comin' with Me,Poor Man's Poison,Hell's Comin' with Me,https://open.spotify.com/track/5N0lmKQfQpXNQNjUGlPKIT
Mad at Disney,LA Nightcore,Mad at Disney,https://open.spotify.com/track/1BVuiiFDN4TN29iVTOLk0p
PLAY,Tokyo Machine,PLAY,https://open.spotify.com/track/1fRadkuwHEqwMuiY5ns15C
Good Times Go,Nicky Youre,Good Times Go,https://open.spotify.com/track/6iO8dAiOA3gnVHMCRfDwDy
WITHOUT YOU,The Kid LAROI,F*CK LOVE 3+: OVER YOU,https://open.spotify.com/track/1KMkcUvF7m3SDChDOa7i5L
I Like Me Better,Lauv,I Like Me Better,https://open.spotify.com/track/1jXfVzMk8cSbvAXMML4Y4f
Off My Face,Justin Bieber,Justice,https://open.spotify.com/track/3T03rPwlL8NVk1yIaxeD8U
Anyone,Justin Bieber,Justice,https://open.spotify.com/track/2WnAKZefdRHxtBEkRjFOHC
I Won't Run Away,Ashes Remain,What I've Become,https://open.spotify.com/track/3BpX7L3ME3Dwq58NmbcVhD
Without You,Ashes Remain,What I've Become,https://open.spotify.com/track/0RehH5v9onF5npFj9uG3Fp
Right Here,Ashes Remain,What I've Become,https://open.spotify.com/track/0wXEohIdexKOuHDCXhydkM
Thinking About You,Loving Caliber,When We Were Younger,https://open.spotify.com/track/6hIvEohHc1PqRYMBOjZYik
We Don't Talk Anymore (feat. Selena Gomez),"Charlie Puth, Selena Gomez",Nine Track Mind,https://open.spotify.com/track/06KyNuuMOX1ROXRhj787tj
In the End,Linkin Park,Hybrid Theory (Bonus Edition),https://open.spotify.com/track/60a0Rd6pjrkxjPbaKzXjfq
everything i wanted,Billie Eilish,everything i wanted,https://open.spotify.com/track/3ZCTVFBt2Brf31RLEnCkWJ
Ordinary Life,Here At Last,Ordinary Life,https://open.spotify.com/track/3ZAFyug4H7El4WPpU1cqTQ
Happy,Here At Last,EP1,https://open.spotify.com/track/1iqra0RJdcCJ02e4CkeQhM
Gatekeeper,Dylan Conrique,Gatekeeper,https://open.spotify.com/track/7uveohm2cpiLUOYZ7fj8hM
Slow Grenade,"Ellie Goulding, Lauv",Slow Grenade,https://open.spotify.com/track/5z8uLrYMcUVvzTV28twt44
"eyes wide, open air",Drod,"eyes wide, open air",https://open.spotify.com/track/2JGppZ6R7S8dOIuHqxI07y
Softly,Thomas Day,Softly,https://open.spotify.com/track/1u4hYTnLLLhsOHe2ZRiyJ9
Fictional (Stripped),Khloe Rose,Fictional (Stripped),https://open.spotify.com/track/2bg63zi9fRhlrb0JVzeT4E
Love Is Killing Me,BONNIE X CLYDE,Love Is Killing Me,https://open.spotify.com/track/1fFYM21OuMnpFrLnNcYLzL
Love Is Killing Me - Helion Remix,"BONNIE X CLYDE, Helion",Love Is Killing Me (Helion Remix),https://open.spotify.com/track/4FHpWVuiK31JW1Fuqc4cCS
My Bad,"The Chainsmokers, Shenseea",My Bad,https://open.spotify.com/track/0YQ0N57Whq3vgF7bqUNDHs
People Watching,Conan Gray,Superache,https://open.spotify.com/track/3TFoEJe5zNuHZStRboWPxg
Manila,"Ray Dalton, Alvaro Soler",Manila,https://open.spotify.com/track/2hBkoDhuGk2AtSCprEFDFP
unwanted,Camylio,before we say goodbye,https://open.spotify.com/track/7ahedLOZvNGb0xun71M4ip
Beautiful Things,Benson Boone,Beautiful Things,https://open.spotify.com/track/6tNQ70jh4OwmPGpYy6R2o9
Flowers Need Rain,"Preston Pablo, Banx & Ranx",Flowers Need Rain,https://open.spotify.com/track/079mntueS2KWjxVqOHjG70
On My Own,Temple Dior,Soul Ties,https://open.spotify.com/track/2Wm7A0eUQbBtYqniwJepiP
WHAT THE HELL - OBLVYN Remix,"Johnning, OBLVYN",WHAT THE HELL (OBLVYN Remix),https://open.spotify.com/track/1FMdcepWuMtbyp7YbvCEjd
HALF HEARTED,We Three,"Dear Paranoia, Sincerely, Me",https://open.spotify.com/track/0zMQ5Svj3WbB8RsBn9hFKq
blame's on me,Alexander Stewart,blame's on me,https://open.spotify.com/track/1veHwv1HPwzOvlhs5jPxeP
Bloom,Troye Sivan,Bloom,https://open.spotify.com/track/0oTyoTKEKMdF3rXcOLyEfN
Far Too Late,Connor Kauffman,Two Hearts,https://open.spotify.com/track/0HlHYT6NP4hAoNSaj0JOOg
best friends,sammy rash,best friends,https://open.spotify.com/track/2ZQLEuaDw9rxJ5u5YR0KEw
Electrical,Bali Baby,Baylor Swift,https://open.spotify.com/track/58nSc49D656Rq4dEqFYkMm
Oh So Sorry,PVLN,Oh So Sorry,https://open.spotify.com/track/23VBABNxX48U7SoKTAK7PL
Different Lives,"Fly By Midnight, Rachel Grae",Different Lives,https://open.spotify.com/track/7e7JVMegy4WBMnzuZE9Srq
Broken Mast Bay,Sail North,Broken Mast Bay,https://open.spotify.com/track/3eIoJPA7DHS8h4X8WHBabq
C'mon Down,Poor Man's Poison,Providence,https://open.spotify.com/track/2OqfU8bYXte0FVWEKL10KC
Give and Take,Poor Man's Poison,In the End,https://open.spotify.com/track/4pZos1A9cAsvHx5kj1O38W
Let's Go!,Poor Man's Poison,The Great Big Lie,https://open.spotify.com/track/5kvDeLfKhTbCXiElGeX0bG
The Woods,"Travis Brooks, Poor Man's Poison",The Woods,https://open.spotify.com/track/6Xe983fevWBfx1XeypjGjS
Bored,Sara Kays,Bored,https://open.spotify.com/track/3YQtnh00LIhMqimMUjbS6l
Lush Life,Zara Larsson,So Good,https://open.spotify.com/track/1rIKgCH4H52lrvDcz50hS8
Woulda Coulda Shoulda,Anthony Watts,Woulda Coulda Shoulda,https://open.spotify.com/track/2PQYO2ycXPyZdL1qZebBMH
JUMP!,Only The Poets,JUMP!,https://open.spotify.com/track/3XfqHrrVnG4BI2XAOaYiim
unforgettable (freestyle) - 8D Audio,"surround., (((())))",unforgettable (freestyle) [8D Audio],https://open.spotify.com/track/5dXxEouRTuH87xNHsztpaM
Hard 2 Face Reality,"Poo Bear, Justin Bieber, J A Y E L E C T R O N I C A",Hard 2 Face Reality,https://open.spotify.com/track/0sPJELXHyWpFgkxlzvvRFI
Not Me (feat. Two Feet),"MELVV, Two Feet",Not Me (feat. Two Feet),https://open.spotify.com/track/36jQlFGZJ3Xn1H3PDMPo9i
Mailman,GRAHAM,Mailman,https://open.spotify.com/track/7dI05YM6f4mz6EMejbfiR6
Cupid Hates My Guts,John Michael Howell,Cupid Hates My Guts,https://open.spotify.com/track/63ZoAAduWDVqAXXKz0k9XN
Wasting My Emotions,"Bangers Only, fawlin, Braden Ross",Wasting My Emotions,https://open.spotify.com/track/1BcZ59NnDqvzJMOqt8NDjw
coffin girl,"Naits, fawlin",coffin girl,https://open.spotify.com/track/2Cf1c7Hi8QQyK4fI6CnGUR
London,Mackenzy Mackay,London,https://open.spotify.com/track/6Mx5HieOgwyF3bRb8ahTDh
"Young, Drunk & In Love",AMAG,"Young, Drunk & In Love",https://open.spotify.com/track/1Fd5LiCVx2ZeUXgvJGWwSg
Shadow,AMAG,Shadow,https://open.spotify.com/track/7KbIYLdb8eP6D2CJjCH2ee
Something In The Way,Jake Cornell,Something In The Way,https://open.spotify.com/track/6gOuYUCkTxAPqCkqOnPXma
Another Life (feat. FLETCHER & Josh Golden),"Surf Mesa, Joshua Golden, FLETCHER",Another Life,https://open.spotify.com/track/3ng7epefERNazaZkkbwLdq
Drunk on You,Blake Schmitz,All of You & Me,https://open.spotify.com/track/0urcTzISVJLsDCm4kJLd8w
Give Me A Reason,Jillian Rossi,Never Fully Loved,https://open.spotify.com/track/3Ejvdi1vVGggaHGfRCRCka
Hopeless Valentine,dazeychain,Hopeless Valentine,https://open.spotify.com/track/0wi5DEBzRaIqknhDAYGnRi
Those Eyes,Michael Gerow,Those Eyes,https://open.spotify.com/track/3pGlSUv6ahGuK6FUJ7yrU2
Armor,John Michael Howell,Armor,https://open.spotify.com/track/1pbe5KEH7qCtnclWQZOq0S
Leave You Behind,"Ryan Mack, Robert Grace",Leave You Behind,https://open.spotify.com/track/5YqF62tggEnqtlZPj2vKIC
Sad Fuck,Ryan Mack,Sad Fuck,https://open.spotify.com/track/4ack8q3p80uwQDp3Gzqk7Z
Overwhelmed (Ryan Mack Remix),Ryan Mack,Overwhelmed (Ryan Mack Remix),https://open.spotify.com/track/03eyNjBM2mpx28H6kdaufN
Wish You the Worst,Ryan Mack,Wish You the Worst,https://open.spotify.com/track/6JU4seYQ2nAMCsgktdau0Q
Find It,Mackenzy Mackay,Find It,https://open.spotify.com/track/1ZYKKqZx0ufiM5BK3RKrUI
life's been boring,ryman leon,life's been boring,https://open.spotify.com/track/5AHy3YuMTxqUh5Xf9onY8e
Cold Stare,Mackenzy Mackay,Cold Stare,https://open.spotify.com/track/1fb1htW4ldQDBDR8IIzWeK
your person,Jake Clark,your person,https://open.spotify.com/track/0f9wp0OIGLlCfyEdAlS2wv
this house is not a home,"Munn, Delanie Leclerc",this house is not a home,https://open.spotify.com/track/7CKDmTfTBNp6cezLioRqRs
Friend's Couch,AMAG,Friend's Couch,https://open.spotify.com/track/6YUp88lXpU3jwwq8kZ9S4S
in case you're curious,GRAHAM,in case you're curious,https://open.spotify.com/track/4galWWUzZ1bfMPVykrTKLQ
Crazy,"BEAUZ, JVNA",Crazy,https://open.spotify.com/track/5nihLVpUd4birzwDlSp1Ph
Outerspace,"BEAUZ, Dallas Rodin",Outerspace,https://open.spotify.com/track/2ChOMSamIbDfZ4lA9yAiRA
oh my !,siopaolo,oh my !,https://open.spotify.com/track/56L9ZhRmzDNI5F65I0HcYS
Isabelle,Zach Hood,Isabelle,https://open.spotify.com/track/1w9L6dvttZalWd8XqFYvSa
24 Hours,charlieonnafriday,WILD CHILD,https://open.spotify.com/track/3A3DQ5jUlKD66MHOw7DdOP
Undecided,charlieonnafriday,WILD CHILD,https://open.spotify.com/track/7zCXMGD7ea3c86h9M87rD2
i'm no good on my own,fawlin,i'm no good on my own,https://open.spotify.com/track/7fULkuxTPdBeAGUeeuEphc
malibu sunsets,"Landon Schafer, Will Ryte",malibu sunsets,https://open.spotify.com/track/3Mr2KoDpV73DRAb7nxF06F
UNSURE,TipToes,UNSURE,https://open.spotify.com/track/6oaRyqTfvlQCRayaeZ4DHh
Losing You,Gryxx,Losing You,https://open.spotify.com/track/0Cxav5r5UbXFL84kOY7sZ1
in the dark,gavn!,in the dark,https://open.spotify.com/track/4U0TNSOGdhUiuah3QNEunk
Just My Type,Kyle Hume,Just My Type,https://open.spotify.com/track/40Jpi7uju2jLwJJGOZryTM
All You Wanted,"Will Ryte, Rap Remote",All You Wanted,https://open.spotify.com/track/72TuqfRYkj59AUoaATeuhB
Allegria,Gipsy Kings,Allegria,https://open.spotify.com/track/4TPAEAfhLcGvOK6iNzgOZm
All You Wanted,"Will Ryte, Rap Remote",The Show Must Go On,https://open.spotify.com/track/6h53CSyVHkStHZydio4SWN
Holding On,"Dabin, Lowell",Between Broken,https://open.spotify.com/track/1K1WKTmAGQZ1gYASU49Eel
I See You,"Dabin, NURKO, Skylar Grey",I See You,https://open.spotify.com/track/4qZKbdjSpya22ciSIz15GJ
Like 1999,Valley,Like 1999,https://open.spotify.com/track/0fWumcFAyiznjreNIXlfm6
I Took A Pill In Ibiza - Seeb Remix,"Mike Posner, Seeb","At Night, Alone.",https://open.spotify.com/track/1MtUq6Wp1eQ8PC6BbPCj8P
Lonely (with benny blanco),"Justin Bieber, benny blanco",Justice,https://open.spotify.com/track/3S8jK1mGzQi24ilFb45DAZ
Mirage,Elina,Mirage,https://open.spotify.com/track/1emAqEEKHGpdFx6H2YJTiG
One,Ed Sheeran,x (Deluxe Edition),https://open.spotify.com/track/5TvFfDlVoUWZvfqrhTJzD7
Hope It Hurts,"Dabin, Essenger",Between Broken,https://open.spotify.com/track/60yP1i0NK4oNYpSA5n12SI
Something Different,"CLNGR, Matt Bloyd",Something Different,https://open.spotify.com/track/0lVw3Beiki0zbZIb1pEW3H
Nevada,"Vicetone, Cozi Zuehlsdorff",Nevada,https://open.spotify.com/track/4PSXhvKjyCfk82MuZdNYIE
Be With You,ALEJANDRO OTERO REIGADA,Be With You,https://open.spotify.com/track/7g7RyGFdsX4mhxFORJQ9PX
Amnesia,5 Seconds of Summer,5 Seconds Of Summer,https://open.spotify.com/track/1JCCdiru7fhstOIF4N7WJC
you'd never know,BLÜ EYES,you'd never know,https://open.spotify.com/track/1I2zZtHCrBkoTgfwxnNKZ9
I Lost Myself,Munn,I Lost Myself,https://open.spotify.com/track/2d41Jt4R1j5BhvtC9UsmGf
The Reminder,Chris James,The Weight of Nostalgia,https://open.spotify.com/track/3VduqK7YTkiOAbW1VQN1n1
Pull You Closer,GRAHAM,Pull You Closer,https://open.spotify.com/track/2rNUqaTQ8NDOxSzC17quGI
My Medicine,GRAHAM,My Medicine,https://open.spotify.com/track/1GGjyOibu25zR9D5KZknT0
"St. Louis, Missouri",Joshua Golden,"St Louis, Missouri",https://open.spotify.com/track/4IA7OeguGMFIC4wYxr4aSs
23,Kyle Hume,23,https://open.spotify.com/track/4KggCq77XywkbzLqi2FxKz
less of you,keshi,bandaids,https://open.spotify.com/track/3IqcBL5yjJK3ri0TGaL3MC
HOV - Remix,"Connor Price, Nic D, GRAHAM",HOV (Remix),https://open.spotify.com/track/35kDv86L9VuUoj29YTHmE6
Flashbacks,Zach Hood,Flashbacks,https://open.spotify.com/track/4SeZpWSgq1c8a0MY3iVy1f
never knew a heart could break itself,Zach Hood,never knew a heart could break itself,https://open.spotify.com/track/4d2ZJ9W7dkQuITwUCTuD5n
Flowers,Lauren Spencer Smith,Mirror,https://open.spotify.com/track/2eykhwXDu6k3DqvY0LBInw
stars for company,Lio Kalebic,stars for company,https://open.spotify.com/track/7mrzvlqHq82SS8bSGMRFBq
neon skies,Zach Hood,neon skies,https://open.spotify.com/track/7knSngLX3gWTH8ch4Y5aGr
Searching for love,BENJAMINRICH,Searching for love,https://open.spotify.com/track/59w9QCh0QIEpZt65DxTSh1
trees talk,gavn!,trees talk,https://open.spotify.com/track/6IGuqCOKQseTMHjALbFS16
this is what falling in love feels like,JVKE,this is what ____ feels like (Vol. 1-4),https://open.spotify.com/track/2PWTZV5znjLtZC5T1EVJvL
Strangers,Jake Cornell,Strangers,https://open.spotify.com/track/1WDlkgCbHwT9VJLetO6ugR
Cigarette,Shaya Zamora,Eulogize,https://open.spotify.com/track/2ddFi6kHdtkFtO5Z8gNILu
Nights Like This,Sawyer Utah,Nights Like This,https://open.spotify.com/track/5eXCKXccELA5nLXZkWQupf
Wrong,GRAHAM,Wrong,https://open.spotify.com/track/5y8U5E5ertyVFqDekecY1C
The Woman I Am,Gigi Moss,The Woman I Am,https://open.spotify.com/track/7Br8tzjKirl5Dha4IWh5Bj
trouble,Camylio,in the light and shadows,https://open.spotify.com/track/0UmVrFVPXZH0guREViheZS
Cheap Cologne,GRAHAM,Cheap Cologne,https://open.spotify.com/track/0PzXxnu66VToRJdJtZOYmo
Closure,Hayd,Changes - EP,https://open.spotify.com/track/3pt2acuxLXvIGproniPoq9
Unlearn You,Keenan Te,Unlearn You,https://open.spotify.com/track/1hH4syeWdhmTv9dAVxUIqp
MIDDLE OF THE NIGHT,Elley Duhé,MIDDLE OF THE NIGHT,https://open.spotify.com/track/58HvfVOeJY7lUuCqF0m3ly
second again,siopaolo,second again,https://open.spotify.com/track/6u0Jd6rKIClB00FCrA78mW
melodies and memories,siopaolo,melodies and memories,https://open.spotify.com/track/4vfJuYttsB1vpFidIdx1p9
heartbeat,"siopaolo, Lydia Ganada",heartbeat,https://open.spotify.com/track/0rXY87QUdNCbvW5ocac1Bo
the space between us,siopaolo,the space between us,https://open.spotify.com/track/4s0m05iPPuTeFlJxAQivGy
better for you,siopaolo,better for you,https://open.spotify.com/track/2fxoRz7eUFbo5RoHSvXqQh
Ctrl Alt Delete,AMAG,Ctrl Alt Delete,https://open.spotify.com/track/5Db4C6yQoxxel1BhDTfGWL
Dandelions,Ruth B.,Safe Haven,https://open.spotify.com/track/2eAvDnpXP5W0cVtiI0PUxV
Cruise Control,"Lyn Lapid, Whethan",Cruise Control,https://open.spotify.com/track/61svLjB9BCjdtkUtqbDSXp
golden hour,JVKE,this is what falling in love feels like (554Hz),https://open.spotify.com/track/4yNk9iz9WVJikRFle3XEvn
Shadow,AMAG,Shadow,https://open.spotify.com/track/1aPlEVh0l7KOTG5UWeE5kj
Song Of Storms,Adam Dodson,Song Of Storms,https://open.spotify.com/track/5AQCmK7q9HenTCF0STkb2w
skeletons,keshi,skeletons,https://open.spotify.com/track/2BuJrxYKhYky20dQqTlobO
Lucky Me,Jake Miller,Songs For My Fiancée,https://open.spotify.com/track/2H0Jn2ccQnumVwMyFrGWqF
Let Her Go,Passenger,All The Little Lights,https://open.spotify.com/track/1KxwZYyzWNyZSRyErj2ojT
I Don't Think We Landed on the Moon,Kyle Hume,I Don't Think We Landed on the Moon,https://open.spotify.com/track/07OcjnyikzUHgtzCG3mGXN
late nights and lonely,Suriel Hess,late nights and lonely,https://open.spotify.com/track/2D1TTiw2pRycUrGamzloUS
comethru,Jeremy Zucker,"summer,",https://open.spotify.com/track/18uwL0vNUanqZH0ro2QcOP
Photograph,Ed Sheeran,x (Deluxe Edition),https://open.spotify.com/track/1HNkqx9Ahdgi1Ixy2xkKkL
i can't text you - demo,Kyle Hume,Sad Song Demos,https://open.spotify.com/track/2f87YJDC7TrLQCBmnNqvFI
Love Yourself,Justin Bieber,Purpose (Deluxe),https://open.spotify.com/track/50kpGaPAhYJ3sGmk6vplg0
Over My Head,Eli Wilson,Over My Head,https://open.spotify.com/track/7u49mBpgPYp3xgo3S088qb
As You Fade Away,NEFFEX,As You Fade Away,https://open.spotify.com/track/6rWblGW0pBcB3uygxBuWZV
The New Me,Thomas Day,The New Me,https://open.spotify.com/track/0E8Torj5fhTNBghR1LlPNg
Better When I'm Hurting,H3x,Better When I'm Hurting,https://open.spotify.com/track/1lUqdV0Ve0lVvvN9PiYzMA
Don't Let Me Down (feat. JVKE),"Surfaces, JVKE",Don't Let Me Down (feat. JVKE),https://open.spotify.com/track/046QZ0ociluzd0yjpY1tY4
Dead on Arrival,Kyle Hume,Dead on Arrival,https://open.spotify.com/track/7HFtKNaYQ5ggZ07shL6hN0
See You Later,GRAHAM,See You Later,https://open.spotify.com/track/4FZBrifL01KBDmULrwXHjj
Forever and Ever and Always,Ryan Mack,Forever and Ever and Always,https://open.spotify.com/track/5keXeMrCGBYXpJYQ0FFqjK
Follow You Anywhere - sped up,fawlin,Follow You Anywhere (sped up + slowed),https://open.spotify.com/track/3a2sDrGIxkAIaMNhWG0SBH
traitor,Olivia Rodrigo,SOUR,https://open.spotify.com/track/5CZ40GBx1sQ9agT82CLQCT
HOV,GRAHAM,HOV,https://open.spotify.com/track/5I1cUFS6mr5y66VowrqS1l
I Always Fall,"Eli Wilson, Promoting Sounds",I Always Fall,https://open.spotify.com/track/5C2lFN2D09WUp5URTPoEyY
Unstable (feat. The Kid LAROI),"Justin Bieber, The Kid LAROI",Justice,https://open.spotify.com/track/137mSruegm1u6x9NvwiagR
Eyes On You,Nicky Youre,Good Times Go,https://open.spotify.com/track/6xpAcenBpNYOyljTMLvzVi
Hello My Name Is,Kyle Hume,Hello My Name Is,https://open.spotify.com/track/3ekyM2RKssRCbqVhrVt2R0
It Is What It Is,Jamie Miller,Broken Memories,https://open.spotify.com/track/2kHcMUgIqU3t87wjoGhrd6
Bonnie & Clyde,Thomas Day,Bonnie & Clyde,https://open.spotify.com/track/63emVEO5p1O0whV2Kdkcfv
Moon,Jonah Kagen,Moon,https://open.spotify.com/track/1XpAZlfENlrHalIvuhAp9R
30 Days,H3x,Some of My Insecurities,https://open.spotify.com/track/2IKEjgsUkCzUmo644c3fln
Scars,Keenan Te,Scars,https://open.spotify.com/track/5SjfjoYaRJ5jycgqwV0ow0
Looks Like Me,Dean Lewis,The Hardest Love,https://open.spotify.com/track/1CcCntDuVJpjqkJhYGhuMw
Carry You Home,Alex Warren,"You'll Be Alright, Kid (Chapter 1)",https://open.spotify.com/track/5o0osRx8kYJTOqlOSggr9Z
Those Eyes,New West,Based On A True Story...,https://open.spotify.com/track/2psRActEWsTlYYd7EDoyVR
another soul,MICO,the tears we fight EP,https://open.spotify.com/track/0Yos7Ql3MvIXE56swDiInZ
Talk to You,Carter Ryan,Talk to You,https://open.spotify.com/track/6nBeIPYpvl8XYnLarrpFqb
if you only knew,Alexander Stewart,bleeding heart,https://open.spotify.com/track/3xbvoHRRmgl2VJJ6vo5F4y
i wish you cheated,Alexander Stewart,bleeding heart,https://open.spotify.com/track/6yCcEYC4iWqMGqOsmQV99o
blame's on me,Alexander Stewart,bleeding heart,https://open.spotify.com/track/6L1kMQmgnMDtjlPKie9MQh
better off without me,Matt Hansen,better off without me,https://open.spotify.com/track/1Ip5p31SowqjJLo2ss1afJ
Wrong Way,"Two Friends, Alexander Stewart",Wrong Way,https://open.spotify.com/track/0FXcLWA1NO6MxAe9yiK3oo
Rebel,Eli Wilson,Rebel,https://open.spotify.com/track/26YAjL0xmzNEoYaIC8Rhte
Indecisive,Jake Cornell,Indecisive,https://open.spotify.com/track/1eZTOFYxCNeOv5699bL6GE
Change Your Mind,Knox,Change Your Mind,https://open.spotify.com/track/7rOk84mV0kJ0H9wsBDDDUY
Go,ISHAN,Go,https://open.spotify.com/track/1Yef1lbRAFW7KU7esJwAoO
Suffocating,Kyle Hume,Suffocating,https://open.spotify.com/track/0JG57CeSeSwDvfD4VFL9gy
Drunk Texts,Kode,Drunk Texts,https://open.spotify.com/track/4EbkZDvPwVSM22b9udLZfq
Mad It's My Fault,GRAHAM,Mad It's My Fault,https://open.spotify.com/track/3MTCUbfONUfmAbuUSPMvBf
something to remember,Matt Hansen,something to remember,https://open.spotify.com/track/6eI8B3QW20P68MCYMb4Etd
My Mouth (la la la),ISHAN,My Mouth (la la la),https://open.spotify.com/track/4R2iugSvo2MPis3aUI4gL1
That's What I Get,charlieonnafriday,WILD CHILD,https://open.spotify.com/track/0koOtMGSYQSbaUpSCoL9Kh
Sky is the Limit,Mark Ambor,Hello World,https://open.spotify.com/track/1HEL4WpJrCcfjwJMCTKesn
alive (it's a lie) - demo,Kyle Hume,alive (it's a lie) [demo],https://open.spotify.com/track/2HER9vwImxFnejMGTEnqK5
MONTERO (Call Me By Your Name),Lil Nas X,MONTERO (Call Me By Your Name),https://open.spotify.com/track/3BZEcbdtXQSo7OrvKRJ6mb
